"job_title","job_title_short","job_location","search_location","job_schedule_type","job_no_degree_mention","job_health_insurance","salary_year_avg","company_name"
"Data Analyst","Data Analyst","Anywhere","India","Full-time",1,"","650000.0","Mantys"
"Data Analyst, Marketing","Data Analyst","Anywhere","California, United States","Full-time","","","232423.0","Pinterest Job Advertisements"
"Data Analyst (Hybrid/Remote)","Data Analyst","Anywhere","California, United States","Full-time","","","217000.0","Uclahealthcareers"
"ERM Data Analyst","Data Analyst","Anywhere","California, United States","Full-time","",1,"184000.0","Get It Recruit - Information Technology"
"DTCC Data Analyst","Data Analyst","Anywhere","Illinois, United States","Full-time",1,1,"170000.0","Robert Half"
"Azure Data Python Consultant - contract to HIRE - Citizen or Perm...","Data Analyst","Anywhere","Sudan","Contractor","","","170000.0","Kelly Science, Engineering, Technology & Telecom"
"Data Analyst","Data Analyst","Anywhere","United Kingdom","Full-time","","","165000.0","Plexus Resource Solutions"
"Data Analyst","Data Analyst","Anywhere","California, United States","Full-time","",1,"165000.0","Get It Recruit - Information Technology"
"SQL DEVELOPER / DATA ANALYST (Insurance industry Experience) ...","Data Analyst","Anywhere","Illinois, United States","Full-time",1,"","160000.0","Robert Half"
"System Data Analyst","Data Analyst","Anywhere","New York, United States","","","","157500.0","Edgewater Federal Solutions, Inc."
"Applied Scientist - Maps","Data Analyst","Anywhere","California, United States","Full-time","",1,"157500.0","Uber"
"Data Analyst - Remote","Data Analyst","Anywhere","Saint Vincent and the Grenadines","Full-time","","","155485.5","CaptivateIQ"
"Staff Business Data Analyst (Remote U.S. OK)","Data Analyst","Anywhere","California, United States","Full-time",1,1,"152625.0","Zscaler"
"Staff Business Data Analyst (Remote U.S. OK)","Data Analyst","Anywhere","California, United States","Full-time",1,1,"152625.0","Zscaler"
"Management & Program Analyst (Data Analytics)","Data Analyst","Anywhere","New York, United States","Full-time and Part-time",1,1,"152221.5","US Patent and Trademark Office"
"Data Analyst","Data Analyst","Anywhere","New York, United States","Full-time","",1,"151500.0","Get It Recruit - Healthcare"
"Mid-Level Data BI Analyst","Data Analyst","Anywhere","Florida, United States","Full-time","",1,"150000.0","Patterned Learning AI"
"Mid-Level Data Analyst","Data Analyst","Anywhere","California, United States","Full-time","",1,"150000.0","Patterned Learning AI"
"Data Analyst","Data Analyst","Anywhere","New York, United States","Full-time",1,"","145000.0","CyberCoders"
"Data Scientist Analyst","Data Analyst","Anywhere","Georgia","Full-time","","","145000.0","ALTA IT Services"
"Data Analyst","Data Analyst","Anywhere","New York, United States","Full-time","",1,"145000.0","Level"
"Data Analyst - up to 160K+","Data Analyst","Anywhere","New York, United States","Full-time",1,1,"145000.0","Hire With Jarvis"
"Data Analyst","Data Analyst","Anywhere","California, United States","Full-time","",1,"140500.0","Uber"
"People Data Analyst","Data Analyst","Anywhere","Texas, United States","Full-time","","","140500.0","Insight Global"
"Product Data Analyst","Data Analyst","Anywhere","California, United States","Full-time",1,1,"140000.0","Motion Recruitment"
"Qlik/Power BI Data Analyst | $130K-$150K + ESOP |100% USA-Remote","Data Analyst","Anywhere","New York, United States","Full-time",1,1,"140000.0","IT Pros"
"Data Analyst (Product Data Analyst)","Data Analyst","Anywhere","Sudan","Full-time","","","139000.0","Revolut"
"Digital Marketing Data Analyst (Hybrid)","Data Analyst","Anywhere","Texas, United States","Full-time","",1,"138640.0","United Services Automobile Association"
"Data Analyst","Data Analyst","Anywhere","Greece","Full-time","","","138500.0","Overmind"
"Secret Data Analyst Remote / Telecommute Jobs","Data Analyst","Anywhere","New York, United States","Contractor","","","137500.0","Insight Global, Inc."
"Data Analyst - Advanced Analytics","Data Analyst","Anywhere","New York, United States","Full-time","",1,"135000.0","Get It Recruit - Hospitality"
"Data Analyst","Data Analyst","Anywhere","Illinois, United States","Full-time","","","135000.0","InvestM Technology LLC"
"Data Analyst","Data Analyst","Anywhere","New York, United States","Full-time","",1,"135000.0","EPIC Brokers"
"Quantitative Scientist (Remote)","Data Analyst","Anywhere","Texas, United States","Full-time","",1,"132500.0","Osmind"
"Data Insights Analyst III","Data Analyst","Anywhere","Texas, United States","Full-time","",1,"132500.0","Get It Recruit - Information Technology"
"Data Analyst III","Data Analyst","Anywhere","California, United States","Full-time",1,"","132500.0","SoftDev Incorporated"
"Data Analyst","Data Analyst","Anywhere","California, United States","Full-time","",1,"130000.0","Doximity"
"Data Analyst must have telecom domain experince","Data Analyst","Anywhere","Sudan","Contractor",1,"","130000.0","ApTask"
"System Data Analyst","Data Analyst","Anywhere","California, United States","Full-time",1,"","130000.0","Alpha Silicon"
"Data Analyst","Data Analyst","Anywhere","California, United States","Full-time",1,1,"127000.0","Acorns"
"Marketing Data Analyst (Remote)","Data Analyst","Anywhere","California, United States","Full-time",1,1,"127000.0","Cash App"
"Behavioral Health Data Analyst- REMOTE","Data Analyst","Anywhere","Georgia","Full-time","","","126452.0","ICF"
"Mid-Level Decision Science Analyst","Data Analyst","Anywhere","Texas, United States","Full-time","",1,"125930.0","USAA"
"Strategy and Data Analyst, Sustainability","Data Analyst","Anywhere","New York, United States","Full-time","",1,"125500.0","Uber"
"Data Analyst","Data Analyst","Anywhere","New York, United States","Full-time",1,"","125000.0","Robert Half"
"Data Analyst","Data Analyst","Anywhere","California, United States","Full-time","",1,"125000.0","The Walt Disney Company"
"Healthcare Data Analyst","Data Analyst","Anywhere","California, United States","Full-time","",1,"125000.0","Get It Recruit - Real Estate"
"Data Science Analyst 2 (Pop Health)","Data Analyst","Anywhere","Illinois, United States","Full-time","",1,"125000.0","Starbridge Partners"
"Data Analyst, Operations (Remote)","Data Analyst","Anywhere","California, United States","Full-time","",1,"125000.0","hims & hers"
"Data Analyst: regional physical security","Data Analyst","Anywhere","California, United States","Full-time","","","124500.0","Blackstone Consulting, Inc."
"Data Analyst, Support Operations","Data Analyst","Anywhere","Texas, United States","Full-time",1,1,"124000.0","Cloudflare"
"Business Data Analyst with SQL (Strong)","Data Analyst","Anywhere","Illinois, United States","Full-time","",1,"122500.0","Innova Solutions"
"Decision Science Analyst - Consumer Lending","Data Analyst","Anywhere","Texas, United States","Full-time","","","122500.0","Analytic Recruiting Inc."
"Financial Data Analyst","Data Analyst","Anywhere","New York, United States","Full-time","",1,"122500.0","Get It Recruit - Finance"
"Sales Ops Data Analyst (Remote)","Data Analyst","Anywhere","California, United States","Full-time","",1,"122000.0","CloudFlare"
"Sales Ops Data Analyst (Austin, TX or Remote)","Data Analyst","Anywhere","Texas, United States","Full-time","",1,"122000.0","Cloudflare"
"Business Intelligence Data Analyst","Data Analyst","Anywhere","New York, United States","Full-time","",1,"120000.0","LAI"
"Lifeforce: Data Analyst (Remote)","Data Analyst","Anywhere","New York, United States","Full-time","","","120000.0","M13"
"Data Architect","Data Analyst","Anywhere","Canada","Full-time",1,"","120000.0","Motion Recruitment"
"Data Analytics Analyst","Data Analyst","Anywhere","New York, United States","Full-time","",1,"120000.0","Get It Recruit - Information Technology"
"Business Data Analyst","Data Analyst","Anywhere","Georgia","Contractor",1,"","120000.0","Robert Half"
"Risk Data Analyst","Data Analyst","Anywhere","New York, United States","Full-time","",1,"119908.0","US Development Finance Corporation (formerly Overseas Private Investment Corporation)"
"Data Analyst","Data Analyst","Anywhere","New York, United States","Full-time","",1,"119200.0","CVS Health"
"Data Analyst - Predictive Modeling","Data Analyst","Anywhere","New York, United States","Full-time","",1,"119200.0","CVS Health"
"Data Analyst","Data Analyst","Anywhere","New York, United States","Full-time","",1,"117713.0","Get It Recruit - Healthcare"
"Data Analyst","Data Analyst","Anywhere","California, United States","Full-time",1,"","117500.0","Jobot"
"Data Analyst","Data Analyst","Anywhere","California, United States","Full-time","",1,"117000.0","Get It Recruit - Information Technology"
"Data Analyst","Data Analyst","Anywhere","California, United States","Full-time","","","115791.5","Kern Health Systems"
"BI Data Analyst IV","Data Analyst","Anywhere","California, United States","Full-time","","","115791.5","Kern Health Systems"
"BI Data Analyst IV","Data Analyst","Anywhere","California, United States","Full-time","","","115791.5","Kern Health Systems"
"Business Data Analyst","Data Analyst","Anywhere","Georgia","Contractor",1,"","115000.0","Robert Half"
"Data Analyst- REMOTE","Data Analyst","Anywhere","Illinois, United States","Full-time","",1,"115000.0","General Dynamics Information Technology"
"Data/Information Architect","Data Analyst","Anywhere","Georgia","Full-time",1,1,"115000.0","Robert Half"
"Data Analyst","Data Analyst","Anywhere","New York, United States","Full-time","","","115000.0","Lighthouse Professional Services"
"QNXT/TriZetto Data Analyst","Data Analyst","Anywhere","Texas, United States","Full-time","",1,"115000.0","Medasource"
"Data Analyst","Data Analyst","Anywhere","Georgia","Full-time",1,1,"115000.0","ManyPets"
"Data Analyst","Data Analyst","Anywhere","Illinois, United States","Full-time","",1,"115000.0","Get It Recruit - Information Technology"
"Data Analyst","Data Analyst","Anywhere","New York, United States","Full-time","","","115000.0","Robert Half"
"Behavioral Health Data Analyst","Data Analyst","Anywhere","Georgia","Full-time","","","114956.5","ICF"
"Healthcare Analytics Expert","Data Analyst","Anywhere","Illinois, United States","Full-time","",1,"114948.0","Get It Recruit - Healthcare"
"Behavioral Health Data Analyst","Data Analyst","Anywhere","Georgia","Full-time","","","114805.0","ICF"
"Data Analyst, Global Business Development","Data Analyst","Anywhere","California, United States","Full-time","",1,"114000.0","Uber"
"Technical Business/Data Analyst (REMOTE)","Data Analyst","Anywhere","New York, United States","Full-time","",1,"113500.0","GEICO"
"Data Analyst, Customer Success (Chicago, IL or Remote)","Data Analyst","Anywhere","Illinois, United States","Full-time","",1,"112850.0","Square"
"Data Analyst","Data Analyst","Anywhere","New York, United States","Full-time","",1,"112661.0","Get It Recruit - Healthcare"
"Data Analyst","Data Analyst","Anywhere","Texas, United States","Full-time","","","112500.0","InvestM Technology LLC"
"Experian Data Analyst Remote / Telecommute Jobs","Data Analyst","Anywhere","New York, United States","Full-time","","","112500.0","Seneca Resources, LLC"
"Data Engineer/Data Analyst","Data Analyst","Anywhere","Florida, United States","Full-time","",1,"112500.0","Segue Technologies Inc"
"Data Analyst","Data Analyst","Anywhere","New York, United States","Full-time","",1,"112500.0","Get It Recruit - Information Technology"
"Data Analyst Remote / Telecommute Jobs","Data Analyst","Anywhere","New York, United States","Full-time","","","112500.0","Paratus Solutions LLC"
"Data Analyst (Remote)","Data Analyst","Anywhere","California, United States","Full-time","",1,"112050.0","Cisco Meraki"
"Data Analyst","Data Analyst","Anywhere","New York, United States","Full-time and Part-time","",1,"111500.0","IBM"
"Retail Systems Data Analyst","Data Analyst","Anywhere","Illinois, United States","Full-time","",1,"110000.0","Get It Recruit - Information Technology"
"Data Analyst III","Data Analyst","Anywhere","Texas, United States","Full-time","",1,"110000.0","CREDITSERVE INC"
"Energy Data Analyst","Data Analyst","Anywhere","New York, United States","Full-time","",1,"110000.0","DNV"
"Data Analyst","Data Analyst","Anywhere","California, United States","Full-time","",1,"110000.0","Get It Recruit - Real Estate"
"Data Analyst - Remote","Data Analyst","Anywhere","California, United States","Full-time","",1,"110000.0","Cava Connect"
"Medicaid Data Analyst","Data Analyst","Anywhere","Texas, United States","Contractor","","","110000.0","Apex Systems"
"Data Analyst III","Data Analyst","Anywhere","Texas, United States","Full-time","",1,"110000.0","CREDITSERVE INC"
"Master Data Analyst","Data Analyst","Anywhere","Florida, United States","Full-time","",1,"110000.0","Executive Search Partners LLC"
"Data Analyst","Data Analyst","Anywhere","Illinois, United States","Contractor","","","110000.0","Convergenz"
"Data Analyst","Data Analyst","Anywhere","New York, United States","Full-time","",1,"110000.0","Get It Recruit - Finance"
"Data Analyst","Data Analyst","Anywhere","Georgia","Full-time","","","110000.0","Insight Global"
"Data Analyst","Data Analyst","Anywhere","New York, United States","Full-time","",1,"110000.0","Trinity Solar Careers"
"Data Analyst","Data Analyst","Anywhere","Illinois, United States","Full-time","",1,"110000.0","Get It Recruit - Transportation"
"Data Analyst","Data Analyst","Anywhere","New York, United States","Full-time","",1,"110000.0","Get It Recruit - Finance"
"SQL DEVELOPER / DATA ANALYST (Insurance industry Experience) ...","Data Analyst","Anywhere","Illinois, United States","Full-time",1,1,"110000.0","Robert Half"
"Data Analyst","Data Analyst","Anywhere","Sudan","Contractor",1,"","110000.0","Insight Global"
"Master Data Analyst","Data Analyst","Anywhere","Florida, United States","Full-time","",1,"110000.0","Executive Search Partners LLC"
"EDI Data Analyst/Business Systems Analyst III  (Great Place to...","Data Analyst","Anywhere","Illinois, United States","Full-time","","","109600.0","Paradigm"
"Portfolio Data Analyst (Remote)","Data Analyst","Anywhere","New York, United States","Full-time",1,1,"108500.0","Addepar"
"REMOTE PowerBI Data Analyst","Data Analyst","Anywhere","Texas, United States","Full-time","","","107500.0","Insight Global"
"Data Analyst - Remote","Data Analyst","Anywhere","Illinois, United States","Full-time","","","107500.0","Dice"
"Data and Process Modeling Analyst","Data Analyst","Anywhere","New York, United States","Full-time","",1,"107500.0","Get It Recruit - Hospitality"
"Data Analyst, Finance and Accounting (Remote)","Data Analyst","Anywhere","New York, United States","Full-time","",1,"107500.0","Rhino"
"Data Analyst","Data Analyst","Anywhere","California, United States","Full-time",1,"","107500.0","CODING DOJO INC."
"IT Data Analyst - Remote | WFH","Data Analyst","Anywhere","New York, United States","Full-time","","","107500.0","Get It Recruit - Information Technology"
"Data Analyst","Data Analyst","Anywhere","Georgia","Full-time","",1,"106562.5","Cherry Bekaert Advisory, LLC"
"Data Governance Analyst II - Frameworks, Standards, & Policies","Data Analyst","Anywhere","Illinois, United States","Full-time","",1,"106479.0","Edward Jones"
"Data Analyst II - Firm Analytics","Data Analyst","Anywhere","Illinois, United States","Full-time","",1,"106479.0","Edward Jones"
"Data Analyst II - Firm Analytics","Data Analyst","Anywhere","Illinois, United States","Full-time","",1,"106479.0","Edward Jones"
"Market Research & Data Analyst","Data Analyst","Anywhere","New York, United States","Full-time","",1,"106000.0","Get It Recruit - Information Technology"
"Data Analyst","Data Analyst","Anywhere","New York, United States","Full-time","",1,"106000.0","Get It Recruit - Information Technology"
"Data Analyst","Data Analyst","Anywhere","Georgia","Full-time","","","105000.0","Starr And Associates LLC"
"Data Visualization Analyst","Data Analyst","Anywhere","New York, United States","Full-time","",1,"105000.0","Get It Recruit - Information Technology"
"Product Data Analyst","Data Analyst","Anywhere","New York, United States","Full-time","",1,"105000.0","Syrup"
"Healthcare Data Analyst","Data Analyst","Anywhere","California, United States","Full-time","",1,"105000.0","Get It Recruit - Healthcare"
"Clinical Data Analyst","Data Analyst","Anywhere","California, United States","Full-time",1,"","105000.0","Modis"
"Data Analyst","Data Analyst","Anywhere","Sudan","Full-time","","","105000.0","Vista Global Solutions, LLC"
"Marketing Data Analyst","Data Analyst","Anywhere","California, United States","Full-time","","","105000.0","Syndicatebleu"
"Building Management System Data Analyst","Data Analyst","Anywhere","New York, United States","Full-time",1,"","105000.0","Vantage Consulting"
"Sales Comp Data Analyst (Remote, U.S.)","Data Analyst","Anywhere","New York, United States","Full-time","","","104300.0","Pitney Bowes"
"Health Information Management Data Analyst III","Data Analyst","Anywhere","California, United States","Full-time","",1,"104106.5","Health Plan of San Mateo"
"Data Analyst","Data Analyst","Anywhere","Texas, United States","Full-time","",1,"104000.0","Get It Recruit - Information Technology"
"Healthcare Data Analyst","Data Analyst","Anywhere","Texas, United States","Full-time","",1,"103500.0","Get It Recruit - Information Technology"
"Data and Analytics Analyst","Data Analyst","Anywhere","Georgia","Full-time","",1,"103049.5","Get It Recruit - Finance"
"Data Integration Analyst","Data Analyst","Anywhere","California, United States","Full-time","",1,"103000.0","AIDS Healthcare Foundation"
"Epic Chronicles Database Analyst","Data Analyst","Anywhere","Florida, United States","Full-time","",1,"103000.0","Get It Recruit - Information Technology"
"Data Analyst","Data Analyst","Anywhere","Texas, United States","Contractor",1,"","102500.0","Insight Global"
"Data Analyst","Data Analyst","Anywhere","Florida, United States","Full-time","",1,"102500.0","Get It Recruit - Information Technology"
"Data Analyst","Data Analyst","Anywhere","Texas, United States","Full-time and Contractor",1,"","102500.0","The Phoenix Group"
"Data Analyst","Data Analyst","Anywhere","Texas, United States","Full-time","","","102500.0","Orion Groups"
"Data Analyst","Data Analyst","Anywhere","California, United States","Full-time","","","102250.0","ZipRecruiter"
"Data Analyst - Healthcare Industry (Remote)","Data Analyst","Anywhere","New York, United States","Full-time","",1,"102000.0","Get It Recruit - Information Technology"
"Remote Data Analyst III","Data Analyst","Anywhere","Georgia","Full-time","",1,"102000.0","Get It Recruit - Information Technology"
"Data Analyst","Data Analyst","Anywhere","Illinois, United States","Full-time","",1,"101500.0","Get It Recruit - Information Technology"
"Data Analyst - Empowering Insights for a Healthier Future","Data Analyst","Anywhere","Texas, United States","Full-time","",1,"101500.0","Get It Recruit - Information Technology"
"Data Analyst","Data Analyst","Anywhere","New York, United States","Full-time","",1,"101500.0","Get It Recruit - Information Technology"
"Data analyst remote","Data Analyst","Anywhere","Georgia","Full-time",1,1,"100400.0","UnitedHealth Group"
"Healthcare Data Analyst- Hybrid","Data Analyst","Anywhere","California, United States","Full-time",1,1,"100400.0","UnitedHealth Group"
"Data Analyst 2 - Remote","Data Analyst","Anywhere","Texas, United States","Full-time","",1,"100400.0","Optum"
"Tableau Data Analyst","Data Analyst","Anywhere","New York, United States","Full-time","","","100000.5","SAIC"
"Data Analyst - Healthcare","Data Analyst","Anywhere","Illinois, United States","Full-time","","","100000.0","InvestM Technology LLC"
"Healthcare Quality Data Analyst","Data Analyst","Anywhere","Florida, United States","Full-time","","","100000.0","Insight Global Healthcare"
"Data Analyst","Data Analyst","Anywhere","New York, United States","Full-time","",1,"100000.0","LHH"
"Data Analyst - Investment Management","Data Analyst","Anywhere","Texas, United States","Contractor","","","100000.0","InvestM Technology LLC"
"Marketing Data Analyst","Data Analyst","Anywhere","New York, United States","Full-time","",1,"100000.0","LHH"
"Business Data Analyst","Data Analyst","Anywhere","California, United States","Full-time","","","100000.0","Scaleai"
"Data Analyst","Data Analyst","Anywhere","New York, United States","Full-time","","","100000.0","Govcio LLC"
"Data Conversion Analyst","Data Analyst","Anywhere","Texas, United States","Full-time","","","100000.0","Insight Global"
"Data Analyst","Data Analyst","Anywhere","Texas, United States","Full-time",1,1,"100000.0","Hearth"
"Research Data Analyst","Data Analyst","Anywhere","California, United States","Full-time","","","99746.90625","Calbright College"
"Legal Project Management Data Analyst","Data Analyst","Anywhere","Illinois, United States","Full-time","",1,"99500.0","Ogletree Deakins"
"Data Analyst III - SQL Analytics - Remote | WFH","Data Analyst","Anywhere","Texas, United States","Full-time","",1,"99000.0","Get It Recruit - Technology"
"Research Data Analyst (remote)","Data Analyst","Anywhere","New York, United States","Full-time","",1,"98800.0","Ad Hoc Team"
"Data Analyst","Data Analyst","Anywhere","California, United States","Full-time","","","98750.0","Goldbelt, Inc."
"Data Analyst IV (Healthcare Analytics) - Remote | WFH","Data Analyst","Anywhere","Illinois, United States","Full-time","",1,"98500.0","Get It Recruit - Technology"
"Remote Epic Bridges Analyst with Data Conversion Expertise","Data Analyst","Anywhere","Florida, United States","Full-time","",1,"98000.0","Get It Recruit - Information Technology"
"Privacy Data Analyst- (remote)","Data Analyst","Anywhere","Texas, United States","Full-time","",1,"97500.0","Cognizant Technology Solutions"
"Mid-Level Data Analyst - Python/SQL/PowerBI/Tableau","Data Analyst","Anywhere","Florida, United States","Full-time","",1,"97500.0","Motion Recruitment"
"Quantitative Data Analyst (CRE / CMBS)","Data Analyst","Anywhere","New York, United States","Full-time","",1,"97500.0","CRED iQ"
"Data Analyst - Healthcare","Data Analyst","Anywhere","Texas, United States","Full-time","","","97500.0","InvestM Technology LLC"
"Provider Data Configuration Analyst IV","Data Analyst","Anywhere","California, United States","Full-time","",1,"97070.5","Central California Alliance for Health (Remote)"
"Data Analyst (Apex Legends)","Data Analyst","Anywhere","California, United States","Full-time",1,1,"96400.0","Respawn Entertainment"
"Data Analyst","Data Analyst","Anywhere","New York, United States","Full-time","",1,"95700.0","Booz Allen Hamilton"
"Data Analyst (QA)","Data Analyst","Anywhere","California, United States","Full-time",1,1,"95680.0","Insight Global"
"Data Analyst (QA)","Data Analyst","Anywhere","California, United States","Full-time",1,1,"95680.0","Insight Global"
"Data Analyst, Mid","Data Analyst","Anywhere","Texas, United States","Full-time","",1,"95650.0","Booz Allen Hamilton"
"Data Analyst","Data Analyst","Anywhere","California, United States","Full-time","",1,"95329.0","Get It Recruit - Finance"
"Data Integration Analyst","Data Analyst","Anywhere","New York, United States","Full-time",1,1,"95000.0","United Site Services"
"Data Analyst","Data Analyst","Anywhere","Sudan","Full-time",1,1,"95000.0","Polygence"
"Data Analyst","Data Analyst","Anywhere","California, United States","Full-time","",1,"95000.0","Get It Recruit - Finance"
"Informatics Data Analyst II","Data Analyst","Anywhere","Georgia","Full-time",1,1,"95000.0","IDR, Inc."
"Data Analyst, Financial Services","Data Analyst","Anywhere","New York, United States","Full-time","",1,"95000.0","Earnest Analytics"
"Data Analyst (Greater LA Area, CA or Remote)","Data Analyst","Anywhere","California, United States","Full-time",1,1,"95000.0","HopSkipDrive"
"Data Analyst","Data Analyst","Anywhere","Georgia","Full-time","",1,"95000.0","Jobot"
"Data Analyst III (REMOTE)","Data Analyst","Anywhere","Guam","Full-time","","","95000.0","Ryder System"
"Program/Data Analyst (Health Services) Remote!","Data Analyst","Anywhere","Illinois, United States","Full-time","",1,"95000.0","General Dynamics Information Technology"
"Data Analyst","Data Analyst","Anywhere","Illinois, United States","Full-time",1,"","95000.0","Polygence"
"Data Analyst * Work from home","Data Analyst","Anywhere","New York, United States","Full-time","",1,"95000.0","American Red Cross"
"Data Analyst","Data Analyst","Anywhere","New York, United States","Full-time","","","95000.0","Insight Global"
"Data Analyst - Looker","Data Analyst","Anywhere","Texas, United States","Full-time",1,1,"95000.0","Hays"
"Data Analyst Role","Data Analyst","Anywhere","New York, United States","Full-time","",1,"95000.0","Motion Recruitment"
"Data Analyst","Data Analyst","Anywhere","Texas, United States","Contractor",1,"","95000.0","Insight Global"
"(Remote) Marketing Data Analyst","Data Analyst","Anywhere","New York, United States","Full-time","",1,"95000.0","Clark Associates"
"Data Analyst","Data Analyst","Anywhere","New York, United States","Full-time","","","94871.5","Protect Democracy"
"Business Data Analyst","Data Analyst","Anywhere","New York, United States","Full-time","","","94000.0","Tactis LLC"
"Data Analyst","Data Analyst","Anywhere","Florida, United States","Full-time","",1,"93000.0","Get It Recruit - Information Technology"
"Statistical Data Analyst","Data Analyst","Anywhere","New York, United States","Full-time","",1,"93000.0","Get It Recruit - Information Technology"
"Data Analyst (US REMOTE)","Data Analyst","Anywhere","Georgia","Full-time","",1,"92500.0","LeanTaaS"
"Data Analyst [70649]","Data Analyst","Anywhere","New York, United States","Full-time","","","92500.0","0nward Select"
"Operations Data Analyst (Greater LA Area, CA or Remote)","Data Analyst","Anywhere","California, United States","Full-time","",1,"92500.0","HopSkipDrive"
"Data Insights Analyst (all genders) - Remote","Data Analyst","Anywhere","Germany","Full-time","","","92000.0","OUTFITTERY"
"Data Analyst","Data Analyst","Anywhere","California, United States","Full-time","",1,"91000.0","Get It Recruit - Information Technology"
"Data Analyst","Data Analyst","Anywhere","New York, United States","Full-time","","","90000.0","Grant Leading Technology, LLC"
"Data Analyst","Data Analyst","Anywhere","Sudan","Full-time",1,"","90000.0","Venteon"
"Healthcare Data Analyst","Data Analyst","Anywhere","California, United States","Full-time","",1,"90000.0","Get It Recruit - Finance"
"Strategic Data Analyst","Data Analyst","Anywhere","Florida, United States","Full-time","",1,"90000.0","Get It Recruit - Finance"
"Real Estate Data Analyst","Data Analyst","Anywhere","Illinois, United States","Full-time","",1,"90000.0","Get It Recruit - Real Estate"
"Data Analyst","Data Analyst","Anywhere","Illinois, United States","Full-time","",1,"90000.0","General Dynamics Information Technology"
"Data Analyst","Data Analyst","Anywhere","California, United States","Full-time",1,1,"90000.0","EcoCart"
"Data Analyst","Data Analyst","Anywhere","New York, United States","Full-time","",1,"90000.0","Get It Recruit - Real Estate"
"Data Analyst","Data Analyst","Anywhere","New York, United States","Full-time","",1,"90000.0","Get It Recruit - Real Estate"
"Data Analyst or Data Scientist","Data Analyst","Anywhere","Illinois, United States","Full-time","",1,"90000.0","Get It Recruit - Finance"
"Credit Data Analyst","Data Analyst","Anywhere","California, United States","Full-time","",1,"90000.0","Get It Recruit - Finance"
"Data Analyst","Data Analyst","Anywhere","New York, United States","Full-time",1,1,"90000.0","Motion Recruitment"
"Data Analyst","Data Analyst","Anywhere","New York, United States","Full-time","",1,"90000.0","Get It Recruit - Administrative"
"Fraud Data Analyst","Data Analyst","Anywhere","Texas, United States","Full-time","",1,"90000.0","Get It Recruit - Finance"
"Telecom Data Analyst","Data Analyst","Anywhere","Texas, United States","Full-time",1,"","90000.0","Axelerate"
"Data Science Analyst","Data Analyst","Anywhere","New York, United States","Full-time","",1,"90000.0","CVS Health"
"Healthcare Data Analyst","Data Analyst","Anywhere","New York, United States","Full-time",1,1,"90000.0","Preveta"
"Data Analyst","Data Analyst","Anywhere","Sweden","Full-time","",1,"90000.0","Gotely"
"Data Analyst, Supply Chain (Remote)","Data Analyst","Anywhere","Georgia","Full-time","","","90000.0","Home Depot / THD"
"Real Estate Transaction Data Analyst","Data Analyst","Anywhere","New York, United States","Full-time","",1,"90000.0","Get It Recruit - Real Estate"
"Healthcare Data Analyst","Data Analyst","Anywhere","Illinois, United States","Full-time","","","90000.0","Adaptive Solutions Group"
"100% REMOTE Data Analyst","Data Analyst","Anywhere","New York, United States","Full-time",1,1,"90000.0","CyberCoders"
"Data Analyst","Data Analyst","Anywhere","Georgia","Full-time","",1,"90000.0","Get It Recruit - Finance"
"Data Analyst","Data Analyst","Anywhere","Texas, United States","Full-time","",1,"90000.0","Get It Recruit - Finance"
"Clinical Data Analyst","Data Analyst","Anywhere","Georgia","Full-time","","","90000.0","Engage Partners Inc."
"Data Analyst","Data Analyst","Anywhere","Colombia","Full-time","","","90000.0","Angi"
"Data Analyst","Data Analyst","Anywhere","New York, United States","Full-time",1,"","90000.0","hackajob"
"Data Analyst 2 - Albany - Research and Statistics","Data Analyst","Anywhere","New York, United States","Full-time","","","89833.5","Labor, Department of"
"Data Analyst (Modeling) (Remote)","Data Analyst","Anywhere","California, United States","Full-time","","","89796.0","Heluna Health"
"Mobile Data Analyst","Data Analyst","Anywhere","New York, United States","Full-time","",1,"89500.0","Verizon"
"Marketing Data Analyst (Remote)","Data Analyst","Anywhere","New York, United States","Full-time",1,"","89000.0","World Education Services"
"Health Data Systems Analyst","Data Analyst","Anywhere","Florida, United States","Full-time","",1,"88000.0","Get It Recruit - Information Technology"
"Supply Chain Data Analyst","Data Analyst","Anywhere","New York, United States","Full-time","",1,"88000.0","Get It Recruit - Transportation"
"Data Analyst - New Grad - Remote","Data Analyst","Anywhere","Illinois, United States","Full-time",1,1,"87500.0","SeatGeek"
"Data Analyst","Data Analyst","Anywhere","California, United States","Full-time","",1,"87500.0","Get It Recruit - Information Technology"
"Media Data Analyst/Media Coordinator","Data Analyst","Anywhere","New York, United States","Full-time","",1,"87500.0","Get It Recruit - Administrative"
"Healthcare Data Analyst","Data Analyst","Anywhere","Georgia","Full-time",1,1,"87500.0","Vatica Health"
"Data Analyst","Data Analyst","Anywhere","Illinois, United States","Contractor","","","87500.0","Beacon Hill Staffing Group"
"Data Analyst","Data Analyst","Anywhere","Illinois, United States","Full-time",1,"","87500.0","Predictive Data Lab"
"Data Analyst","Data Analyst","Anywhere","Sudan","Full-time",1,"","87500.0","Insight Global"
"Treasury Data Analyst II","Data Analyst","Anywhere","Texas, United States","Full-time","",1,"87000.0","Get It Recruit - Information Technology"
"Treasury Data Analyst II","Data Analyst","Anywhere","Texas, United States","Full-time","",1,"87000.0","Get It Recruit - Information Technology"
"Remote Data Analyst","Data Analyst","Anywhere","Texas, United States","Full-time","",1,"86500.0","Get It Recruit - Information Technology"
"Remote Data Analyst","Data Analyst","Anywhere","Texas, United States","Full-time","",1,"86500.0","Get It Recruit - Information Technology"
"Telecom Data Analyst","Data Analyst","Anywhere","Texas, United States","Full-time","",1,"86000.0","Get It Recruit - Information Technology"
"Data Governance Analyst","Data Analyst","Anywhere","Florida, United States","Full-time","",1,"85500.0","Get It Recruit - Information Technology"
"Data Analyst (Hybrid - Remote/1-2 days office)/DC Metro","Data Analyst","Anywhere","New York, United States","Full-time","",1,"85000.0","Peopletek"
"PPM Data Analyst - Remote","Data Analyst","Anywhere","California, United States","Full-time","",1,"85000.0","Mint Mobile"
"Data Analyst & Dashboard Developer","Data Analyst","Anywhere","New York, United States","Full-time",1,1,"85000.0","Impact Genome"
"Healthcare Data Analyst","Data Analyst","Anywhere","Sudan","Full-time","",1,"85000.0","Prime Team Partners"
"Data Mining Analyst","Data Analyst","Anywhere","Texas, United States","Full-time","","","85000.0","Envision Staffing Solutions"
"Growth Data Analyst","Data Analyst","Anywhere","Illinois, United States","Full-time","",1,"85000.0","Get It Recruit - Information Technology"
"Marketing Data Analyst","Data Analyst","Anywhere","California, United States","Full-time","","","85000.0","FocusKPI Inc."
"Data Analyst","Data Analyst","Anywhere","Texas, United States","Full-time",1,1,"85000.0","Motion Recruitment"
"Data Analyst","Data Analyst","Anywhere","New York, United States","Full-time","",1,"85000.0","Get It Recruit - Information Technology"
"Data Analyst - DHS Clearance Required Remote / Telecommute Jobs","Data Analyst","Anywhere","New York, United States","Full-time","",1,"85000.0","Redwood Strategy Group"
"Data Analyst & Dashboard Developer","Data Analyst","Anywhere","New York, United States","Full-time",1,1,"85000.0","Impact Genome"
"Data Analyst (Remote)","Data Analyst","Anywhere","New York, United States","Full-time",1,1,"85000.0","DeepIntent"
"Data Analyst & Dashboard Developer","Data Analyst","Anywhere","New York, United States","Full-time",1,1,"85000.0","Impact Genome"
"Data Analyst / Software Developer","Data Analyst","Anywhere","New York, United States","Full-time","","","85000.0","QSE7, LLC"
"Predictive Data Analyst","Data Analyst","Anywhere","Sudan","Full-time","","","85000.0","SimioCloud"
"Healthcare Data Analyst","Data Analyst","Anywhere","Georgia","Full-time","",1,"84950.0","Get It Recruit - Healthcare"
"Business Data Analyst","Data Analyst","Anywhere","California, United States","Full-time","","","84800.0","Ronin Staffing"
"Asset Verification Data Analyst","Data Analyst","Anywhere","New York, United States","Full-time","",1,"84500.0","Get It Recruit - Information Technology"
"Data Analyst","Data Analyst","Anywhere","New York, United States","Full-time","",1,"84500.0","Get It Recruit - Information Technology"
"Data Platform Analyst","Data Analyst","Anywhere","California, United States","Full-time","",1,"84500.0","Get It Recruit - Information Technology"
"Pricing Data Analyst","Data Analyst","Anywhere","California, United States","Full-time","",1,"84500.0","Get It Recruit - Finance"
"Experienced Data Analyst","Data Analyst","Anywhere","New York, United States","Full-time","",1,"84500.0","Get It Recruit - Information Technology"
"Data Analyst","Data Analyst","Anywhere","New York, United States","Full-time",1,1,"84500.0","Get It Recruit - Information Technology"
"Data Analyst","Data Analyst","Anywhere","New York, United States","Full-time","",1,"84500.0","Get It Recruit - Information Technology"
"Financial Data Analyst","Data Analyst","Anywhere","Florida, United States","Full-time","",1,"84500.0","Get It Recruit - Information Technology"
"Finance Data Analyst","Data Analyst","Anywhere","New York, United States","Full-time","",1,"84500.0","Get It Recruit - Information Technology"
"Data Analyst","Data Analyst","Anywhere","Florida, United States","Full-time","",1,"84500.0","Get It Recruit - Information Technology"
"Marketing Data Analyst","Data Analyst","Anywhere","Florida, United States","Full-time","",1,"84500.0","Get It Recruit - Information Technology"
"Early Career Data Analyst","Data Analyst","Anywhere","Texas, United States","Full-time","",1,"84000.0","Get It Recruit - Information Technology"
"Data Analyst","Data Analyst","Anywhere","Georgia","Full-time","",1,"84000.0","Get It Recruit - Information Technology"
"Data Analyst- Early Career Quality Engineer","Data Analyst","Anywhere","Texas, United States","Full-time","",1,"84000.0","Get It Recruit - Information Technology"
"Data Analyst Intern","Data Analyst","Anywhere","Texas, United States","Full-time and Internship","",1,"84000.0","Get It Recruit - Information Technology"
"Data Analyst","Data Analyst","Anywhere","Illinois, United States","Full-time","",1,"84000.0","Get It Recruit - Information Technology"
"Marketing Data Analyst","Data Analyst","Anywhere","Florida, United States","Full-time","",1,"84000.0","Get It Recruit - Information Technology"
"Data Analyst - Remote US","Data Analyst","Anywhere","Texas, United States","Full-time","",1,"84000.0","Get It Recruit - Information Technology"
"Remote Data Analyst","Data Analyst","Anywhere","Illinois, United States","Full-time","",1,"84000.0","Get It Recruit - Information Technology"
"Data Analyst","Data Analyst","Anywhere","Illinois, United States","Full-time","",1,"84000.0","Get It Recruit - Information Technology"
"Healthcare Data Analyst","Data Analyst","Anywhere","Texas, United States","Full-time","",1,"84000.0","Get It Recruit - Information Technology"
"Data Analyst","Data Analyst","Anywhere","New York, United States","Full-time","",1,"84000.0","Get It Recruit - Information Technology"
"Data Analyst","Data Analyst","Anywhere","New York, United States","Full-time","",1,"84000.0","Get It Recruit - Information Technology"
"Business Data Analyst","Data Analyst","Anywhere","New York, United States","Full-time","",1,"84000.0","Get It Recruit - Information Technology"
"Data Analyst","Data Analyst","Anywhere","New York, United States","Full-time","",1,"83500.0","Get It Recruit - Information Technology"
"Data Analyst","Data Analyst","Anywhere","California, United States","Full-time","",1,"83500.0","Get It Recruit - Information Technology"
"Accountant/Data Analyst","Data Analyst","Anywhere","California, United States","Full-time","","","83500.0","Robert Half"
"Data Quality Analyst","Data Analyst","Anywhere","New York, United States","Full-time","",1,"83500.0","Get It Recruit - Information Technology"
"Data Analyst","Data Analyst","Anywhere","Illinois, United States","Full-time","","","83500.0","Insight Global"
"Data Analyst","Data Analyst","Anywhere","New York, United States","Full-time","",1,"83500.0","Get It Recruit - Information Technology"
"Data Analyst with PowerBI expertise","Data Analyst","Anywhere","Illinois, United States","Full-time","",1,"83500.0","Get It Recruit - Information Technology"
"Data Analyst - Part Time (Greater NYC Area, NY or Remote)","Data Analyst","Anywhere","New York, United States","Part-time",1,"","83200.0","Memorial Sloan Kettering Cancer Center"
"Data Governance Project Data Analyst","Data Analyst","Anywhere","Texas, United States","Full-time","",1,"83000.0","Get It Recruit - Information Technology"
"Budget Data Analyst (Power BI/Excel/VBA expert)","Data Analyst","Anywhere","Illinois, United States","Full-time","",1,"83000.0","General Dynamics Information Technology"
"Data Analyst","Data Analyst","Anywhere","California, United States","Full-time","",1,"83000.0","Alameda Health Consortium/Community Health Center Network"
"Data Analyst","Data Analyst","Anywhere","New York, United States","Full-time","",1,"83000.0","Get It Recruit - Information Technology"
"Data Analyst","Data Analyst","Anywhere","Canada","Full-time",1,"","82750.0","Luxury Presence"
"Data Analyst","Data Analyst","Anywhere","California, United States","Full-time","",1,"82500.0","Get It Recruit - Information Technology"
"Data Analysts- Capital Markets Team","Data Analyst","Anywhere","Illinois, United States","Full-time","",1,"82500.0","CyberCoders"
"Data Insight Analyst","Data Analyst","Anywhere","Florida, United States","Full-time","",1,"82500.0","Get It Recruit - Information Technology"
"Data Analyst","Data Analyst","Anywhere","California, United States","Full-time","",1,"82500.0","Get It Recruit - Information Technology"
"Part-time Data Analyst","Data Analyst","Anywhere","New York, United States","Part-time","",1,"82500.0","Get It Recruit - Information Technology"
"Technical/Data Analyst","Data Analyst","Anywhere","New York, United States","Full-time","",1,"82500.0","Get It Recruit - Information Technology"
"Data Delivery Analyst","Data Analyst","Anywhere","New York, United States","Full-time","",1,"82500.0","Get It Recruit - Information Technology"
"Data Analyst with PowerBI Dashboards Experience","Data Analyst","Anywhere","Illinois, United States","Full-time","",1,"82500.0","Get It Recruit - Information Technology"
"Healthcare Data Analyst - Remote in RI","Data Analyst","Anywhere","New York, United States","Full-time","","","82500.0","Complete HR Solutions"
"Clinical Research Data Programmer Analyst","Data Analyst","Anywhere","New York, United States","Full-time","",1,"82500.0","Vitalief Inc."
"Data Analyst","Data Analyst","Anywhere","California, United States","Full-time","",1,"82500.0","Get It Recruit - Information Technology"
"Data Analyst","Data Analyst","Anywhere","California, United States","Full-time","",1,"82500.0","Emotive"
"Accounting / Data Analyst","Data Analyst","Anywhere","Texas, United States","Full-time",1,"","82500.0","Confidential"
"Data Analyst (Tableau)","Data Analyst","Anywhere","New York, United States","Full-time",1,"","82500.0","Customer Value Partners"
"Data Analyst/Report Writer","Data Analyst","Anywhere","Texas, United States","Full-time","",1,"82500.0","Get It Recruit - Information Technology"
"SQL Data Analyst - Healthcare","Data Analyst","Anywhere","New York, United States","Full-time","",1,"82350.5","Village Care"
"Business Data Analyst II","Data Analyst","Anywhere","Georgia","Full-time","",1,"82000.0","Get It Recruit - Information Technology"
"Data Analyst","Data Analyst","Anywhere","New York, United States","Full-time","",1,"82000.0","Get It Recruit - Information Technology"
"Research Data Analyst I","Data Analyst","Anywhere","Florida, United States","Full-time","",1,"82000.0","Get It Recruit - Information Technology"
"Data Analyst","Data Analyst","Anywhere","New York, United States","Full-time","",1,"82000.0","Get It Recruit - Information Technology"
"Pharmacy Data Analyst","Data Analyst","Anywhere","Illinois, United States","Full-time","",1,"81500.0","Get It Recruit - Information Technology"
"Data Analyst, Mortgage Enforcement Unit, Remote Opportunity","Data Analyst","Anywhere","New York, United States","Full-time","",1,"81047.0","New York State Office of the Attorney General"
"Data Analytics and Reporting Analyst","Data Analyst","Anywhere","New York, United States","Full-time","",1,"81000.0","Get It Recruit - Information Technology"
"Data Analyst","Data Analyst","Anywhere","Illinois, United States","Full-time","",1,"81000.0","Get It Recruit - Information Technology"
"Data Analyst","Data Analyst","Anywhere","Illinois, United States","Contractor","",1,"81000.0","Get It Recruit - Information Technology"
"Data Analyst","Data Analyst","Anywhere","New York, United States","Full-time","",1,"81000.0","Get It Recruit - Information Technology"
"Research Data Analyst-","Data Analyst","Anywhere","California, United States","Full-time and Temp work","","","80740.0","InsideHigherEd"
"Data Analyst","Data Analyst","Anywhere","California, United States","Full-time","",1,"80500.0","California State University"
"Data Analyst","Data Analyst","Anywhere","California, United States","Full-time","",1,"80500.0","Get It Recruit - Finance"
"Data Analyst - Underwriting","Data Analyst","Anywhere","California, United States","Full-time","",1,"80250.0","Automobile Club of Southern California"
"Data Analyst- Power BI (Remote)","Data Analyst","Anywhere","Georgia","Full-time",1,1,"80000.0","HighGround"
"Junior Data Analyst","Data Analyst","Anywhere","Illinois, United States","Full-time","",1,"80000.0","Motion Recruitment"
"Data Analyst (Remote)","Data Analyst","Anywhere","Texas, United States","Full-time","",1,"80000.0","CrowdStrike"
"Claims Data Analyst - 208554","Data Analyst","Anywhere","Texas, United States","Full-time",1,1,"80000.0","Medix Technology"
"Junior Data Analyst","Data Analyst","Anywhere","Illinois, United States","Full-time","",1,"80000.0","Coders Data"
"Data Analyst","Data Analyst","Anywhere","Illinois, United States","Full-time",1,"","80000.0","New World Now LLC"
"Data Analyst","Data Analyst","Anywhere","New York, United States","Full-time","","","80000.0","Coders Data"
"Data Analyst","Data Analyst","Anywhere","California, United States","Full-time","",1,"80000.0","Peraton"
"AI-focused Data Analyst/Tableau Developer","Data Analyst","Anywhere","Texas, United States","Full-time and Contractor","",1,"80000.0","Get It Recruit - Information Technology"
"Manufacturing Data Analyst","Data Analyst","Anywhere","Sudan","Full-time","","","80000.0","ATR International"
"Data Analyst","Data Analyst","Anywhere","New York, United States","Full-time",1,1,"80000.0","Gravy Analytics"
"Data Analyst","Data Analyst","Anywhere","Texas, United States","Full-time","",1,"80000.0","Get It Recruit - Information Technology"
"Data Analyst","Data Analyst","Anywhere","New York, United States","Full-time",1,"","80000.0","Coders Data"
"Data Analyst","Data Analyst","Anywhere","Georgia","Full-time","",1,"80000.0","EUCON AMERICAS LLC"
"Data Analytics Consultant","Data Analyst","Anywhere","New York, United States","Full-time","","","80000.0","FutureNET"
"Data Analyst","Data Analyst","Anywhere","New York, United States","Full-time","",1,"80000.0","Get It Recruit - Information Technology"
"Data Analyst - Remote | WFH","Data Analyst","Anywhere","Texas, United States","Full-time",1,1,"79968.0","Get It Recruit - Technology"
"Remote Geospatial Data Analyst","Data Analyst","Anywhere","Florida, United States","Full-time","",1,"79500.0","Get It Recruit - Information Technology"
"Data Analyst (Remote)","Data Analyst","Anywhere","Texas, United States","Full-time",1,1,"79415.5","Texas Workforce Commission"
"Health Data Analyst - Hybrid","Data Analyst","Anywhere","Texas, United States","Full-time","",1,"79060.5","Teacher Retirement System of Texas"
"Remote - Data Analyst - Permanent - W2","Data Analyst","Anywhere","Georgia","Full-time","","","79000.0","Apex Systems"
"Healthcare Data Analyst","Data Analyst","Anywhere","Florida, United States","Full-time","",1,"78040.0","Get It Recruit - Healthcare"
"Data Analyst","Data Analyst","Anywhere","New York, United States","Full-time","",1,"78000.0","Visual Connections, LLC"
"Data Analyst","Data Analyst","Anywhere","Sudan","Full-time","","","77500.0","Simplex."
"Data Analyst","Data Analyst","Anywhere","New York, United States","Full-time","",1,"77500.0","Coders Data"
"Data Analyst","Data Analyst","Anywhere","New York, United States","Full-time","",1,"77500.0","JDC"
"Product Specialist (Data Analytics) (Remote)","Data Analyst","Anywhere","California, United States","Full-time","",1,"77500.0","NBCUniversal"
"Data Analyst","Data Analyst","Anywhere","Texas, United States","Full-time","",1,"77500.0","Get It Recruit - Information Technology"
"Financial Data Analyst","Data Analyst","Anywhere","New York, United States","Full-time","",1,"77500.0","Get It Recruit - Finance"
"Data Analyst","Data Analyst","Anywhere","Texas, United States","Full-time","","","77500.0","Simplex"
"Northeast Territory Data Analyst","Data Analyst","Anywhere","New York, United States","Full-time","",1,"77500.0","Get It Recruit - Administrative"
"Data Analysis and Production Support Analyst","Data Analyst","Anywhere","New York, United States","Full-time","",1,"77500.0","Get It Recruit - Information Technology"
"Data Analyst - CropSights, a Precision Ag Platform (Remote - Must...","Data Analyst","Anywhere","California, United States","Full-time","",1,"77350.0","Wilbur-Ellis Company"
"Information Protection Data Analyst - Remote | WFH","Data Analyst","Anywhere","Georgia","Full-time","",1,"77000.0","Get It Recruit - Information Technology"
"Data Analyst","Data Analyst","Anywhere","Illinois, United States","Full-time","","","76842.0","Get It Recruit - Healthcare"
"Data Analyst","Data Analyst","Anywhere","New York, United States","Full-time","",1,"76783.0","Get It Recruit - Healthcare"
"Healthcare Data Analyst","Data Analyst","Anywhere","New York, United States","Full-time","",1,"76559.0","Get It Recruit - Healthcare"
"Data Analyst","Data Analyst","Anywhere","California, United States","Full-time",1,1,"76500.0","Invitae"
"Data Analyst (Remote)","Data Analyst","Anywhere","New York, United States","Full-time","",1,"76364.5","Stride inc"
"Data Analyst","Data Analyst","Anywhere","California, United States","Full-time","",1,"76007.0","Get It Recruit - Healthcare"
"Data Analyst","Data Analyst","Anywhere","Florida, United States","Full-time","",1,"76007.0","Get It Recruit - Healthcare"
"Data Analyst","Data Analyst","Anywhere","New York, United States","Full-time","",1,"76000.0","Get It Recruit - Transportation"
"GTM Revenue Operations Data Analyst","Data Analyst","Anywhere","Texas, United States","Full-time","","","76000.0","UiPath"
"Data Analyst","Data Analyst","Anywhere","Illinois, United States","Full-time","",1,"75566.0","Get It Recruit - Marketing"
"Data Analyst (Remote)","Data Analyst","Anywhere","California, United States","Full-time","",1,"75500.0","ServiceTitan"
"Health Data Analyst - Remote","Data Analyst","Anywhere","Texas, United States","Full-time","",1,"75296.0","Teacher Retirement System of Texas"
"Data Analyst - Department of Surgery/JRSC (Greater NYC Area, NY or...","Data Analyst","Anywhere","New York, United States","Full-time",1,"","75250.0","Memorial Sloan Kettering Cancer Center"
"Data Analyst","Data Analyst","Anywhere","Texas, United States","Full-time","","","75000.0","In Technology Group Inc (US)"
"DATA ANALYST - We offer career advancement, a work-life balance...","Data Analyst","Anywhere","Texas, United States","Full-time","",1,"75000.0","Zunch Staffing"
"Data Analyst, Category Management & Demand Planning","Data Analyst","Anywhere","California, United States","Full-time",1,1,"75000.0","MaryRuth's"
"Research Data Analyst","Data Analyst","Anywhere","Florida, United States","Full-time","",1,"75000.0","Health Choice Network"
"HR Jr. Data Analyst","Data Analyst","Anywhere","California, United States","Full-time","","","75000.0","Chicken of the Sea"
"Data Analyst","Data Analyst","Anywhere","Georgia","Full-time","",1,"75000.0","Get It Recruit - Information Technology"
"Research Data Analyst","Data Analyst","Anywhere","Florida, United States","Full-time","",1,"75000.0","Health Choice Network"
"HR Data Analyst","Data Analyst","Anywhere","California, United States","Full-time","","","75000.0","Chicken of the Sea"
"Junior Data Analyst - US/Canada","Data Analyst","Anywhere","New York, United States","Full-time","",1,"75000.0","Patterned Learning AI"
"Junior Data Analyst","Data Analyst","Anywhere","Florida, United States","Full-time","",1,"75000.0","Patterned Learning AI"
"Data Analyst","Data Analyst","Anywhere","United Kingdom","Full-time",1,"","75000.0","Veeva Systems"
"Data Analyst/Epic Cogito","Data Analyst","Anywhere","New York, United States","Full-time","","","75000.0","Engage Partners Inc."
"Data Analyst","Data Analyst","Anywhere","New York, United States","Full-time",1,1,"75000.0","hackajob"
"Data Analyst","Data Analyst","Anywhere","Georgia","Full-time","",1,"75000.0","Get It Recruit - Hospitality"
"Associate Data Analyst","Data Analyst","Anywhere","California, United States","Full-time",1,"","75000.0","Beyond 12"
"Junior Data BI Analyst","Data Analyst","Anywhere","Florida, United States","Full-time","",1,"75000.0","Patterned Learning AI"
"Supply Chain Data Analyst","Data Analyst","Anywhere","California, United States","Full-time","",1,"75000.0","Get It Recruit - Transportation"
"Data Analyst - SaaS - EdTech","Data Analyst","Anywhere","Singapore","Full-time","","","75000.0","KodeKloud"
"Data Analyst - ggplot2, R, SQL, Python- Remote","Data Analyst","Anywhere","California, United States","Full-time",1,1,"75000.0","CyberCoders"
"Research Data Analyst","Data Analyst","Anywhere","California, United States","Full-time","",1,"74500.0","Southern California University"
"Data Scientist/Financial Data Analyst","Data Analyst","Anywhere","Sudan","Full-time","","","74224.5","NCUA"
"Healthcare Data Analyst","Data Analyst","Anywhere","Texas, United States","Full-time","",1,"74049.0","Get It Recruit - Healthcare"
"Data Analyst","Data Analyst","Anywhere","New York, United States","Full-time","",1,"74000.0","Applied Engineering Management Corporation"
"Data Analyst (Remote)","Data Analyst","Anywhere","New York, United States","Full-time","",1,"74000.0","Retriever Medial Dental Payments LLC"
"Data Insight Analyst","Data Analyst","Anywhere","Florida, United States","Full-time","",1,"73696.0","Get It Recruit - Healthcare"
"Medicare Compliance Data Analyst","Data Analyst","Anywhere","New York, United States","Full-time","",1,"73631.0","Get It Recruit - Healthcare"
"Research Scientist (Remote)","Data Analyst","Anywhere","Texas, United States","Full-time","",1,"73000.0","Center for Open Science"
"Financial Data Analyst","Data Analyst","Anywhere","New York, United States","Full-time","",1,"73000.0","Get It Recruit - Finance"
"Pricing Data Analyst","Data Analyst","Anywhere","California, United States","Full-time","",1,"72500.0","Get It Recruit - Information Technology"
"Data Analyst","Data Analyst","Anywhere","Texas, United States","Full-time","","","72500.0","Insight Global"
"Contact Center Data Analyst","Data Analyst","Anywhere","Georgia","Full-time","",1,"72500.0","CharterUP"
"Data Analyst Marketing","Data Analyst","Anywhere","Texas, United States","Full-time",1,1,"72500.0","Coda Staffing"
"Data Analyst","Data Analyst","Anywhere","Texas, United States","Full-time",1,"","72500.0","Every Body Texas"
"Data Analyst","Data Analyst","Anywhere","Sudan","Full-time","",1,"72500.0","Bluesight"
"Data Analyst III","Data Analyst","Anywhere","Illinois, United States","Full-time","",1,"72500.0","Global Healthcare Exchange, Inc."
"Data Analyst - Remote","Data Analyst","Anywhere","Georgia","Full-time",1,1,"72450.0","CACI International Inc"
"Junior Business/Data Analyst","Data Analyst","Anywhere","New York, United States","Full-time","",1,"72000.0","Get It Recruit - Transportation"
"Data Analyst","Data Analyst","Anywhere","Florida, United States","Full-time","",1,"71850.0","CVS Health"
"Data Analyst","Data Analyst","Anywhere","New York, United States","Full-time","",1,"71850.0","CVS Health"
"Financial Data Analyst","Data Analyst","Anywhere","Georgia","Full-time","",1,"71850.0","CVS Health"
"Data Analyst Intern","Data Analyst","Anywhere","California, United States","Full-time and Internship","",1,"71000.0","Get It Recruit - Information Technology"
"Investment Operations Data Analyst","Data Analyst","Anywhere","Mexico","Full-time","","","70500.0","Get It Recruit - Information Technology"
"Loan Data Analyst","Data Analyst","Anywhere","California, United States","Full-time","","","70000.0","AdelFi"
"Community Data Analyst","Data Analyst","Anywhere","Illinois, United States","Full-time","",1,"70000.0","Get It Recruit - Information Technology"
"Asset Verification Data Analyst","Data Analyst","Anywhere","Illinois, United States","Full-time","",1,"70000.0","Get It Recruit - Information Technology"
"Junior Reporting Data Analyst","Data Analyst","Anywhere","New York, United States","Full-time","",1,"70000.0","Get It Recruit - Information Technology"
"Healthcare Contract/Data Analyst","Data Analyst","Anywhere","New York, United States","Full-time","","","70000.0","Kermit"
"Data Analyst","Data Analyst","Anywhere","Georgia","Full-time","","","70000.0","Ohio Shared Information Services Inc"
"Data Analyst","Data Analyst","Anywhere","Texas, United States","Full-time","",1,"70000.0","Coda SearchStaffing"
"Data Analyst","Data Analyst","Anywhere","New York, United States","Full-time","","","70000.0","Partnership Employment"
"Fraud Data Analyst","Data Analyst","Anywhere","New York, United States","Full-time","",1,"70000.0","Pentasia"
"Data Analyst","Data Analyst","Anywhere","New York, United States","Full-time","","","70000.0","Taylor"
"Financial Data Analyst","Data Analyst","Anywhere","Georgia","Full-time","","","70000.0","Global Accounting Network"
"Data Analyst","Data Analyst","Anywhere","Illinois, United States","Full-time",1,"","70000.0","Amplified Sourcing"
"Data Analyst","Data Analyst","Anywhere","New York, United States","Full-time","","","70000.0","Zelo Digital Recruitment"
"Data Analyst","Data Analyst","Anywhere","New York, United States","Full-time","",1,"70000.0","Class Action Capital Recovery LLC"
"Data Analyst","Data Analyst","Anywhere","New York, United States","Full-time","",1,"70000.0","Get It Recruit - Information Technology"
"Manufacturing Operations Data Analyst","Data Analyst","Anywhere","California, United States","Full-time","",1,"70000.0","Get It Recruit - Information Technology"
"Data & Analytics Analyst - Virtual, USA","Data Analyst","Anywhere","Georgia","Full-time","","","69500.0","Diversified"
"Clinical Data Analyst I (REMOTE-USA)","Data Analyst","Anywhere","California, United States","Full-time","",1,"69000.0","Ambry Genetics Corporation"
"Survey Data Analyst","Data Analyst","Anywhere","Illinois, United States","Full-time",1,1,"67500.0","CyberCoders"
"Data Analyst (SQL) :Role 3354","Data Analyst","Anywhere","Texas, United States","Full-time","",1,"67500.0","iTalent Digital"
"Research/Data Analyst","Data Analyst","Anywhere","Georgia","Full-time","",1,"67500.0","Get It Recruit - Information Technology"
"Data Analyst for Democratic Attorneys General and AG Candidates","Data Analyst","Anywhere","New York, United States","Full-time","",1,"67500.0","Get It Recruit - Information Technology"
"Forensic Data Analyst","Data Analyst","Anywhere","Georgia","Full-time","",1,"67500.0","Get It Recruit - Information Technology"
"Data Analyst","Data Analyst","Anywhere","Sudan","Contractor","","","67500.0","Insight Global"
"Data Analyst","Data Analyst","Anywhere","Illinois, United States","Full-time","",1,"67500.0","AllianceChicago"
"Community Data Analyst","Data Analyst","Anywhere","Illinois, United States","Full-time","",1,"66500.0","Get It Recruit - Information Technology"
"Analyst, Master Data Management","Data Analyst","Anywhere","Illinois, United States","Full-time","",1,"65062.3984375","Ascension"
"Data Analyst (Entry Level)","Data Analyst","Anywhere","New York, United States","Full-time","",1,"65000.0","Patterned Learning AI"
"Electronic Data Interchange Analyst","Data Analyst","Anywhere","Texas, United States","Full-time",1,1,"65000.0","Insight Global"
"Data BI Analyst (Entry Level) - US","Data Analyst","Anywhere","New York, United States","Full-time","",1,"65000.0","Patterned Learning AI"
"Jr. Marketing Data Analyst- Ecommerce","Data Analyst","Anywhere","New York, United States","Full-time",1,"","65000.0","Aquent Studios"
"Data Analyst","Data Analyst","Anywhere","Sudan","Full-time","","","65000.0","Insight Global"
"Data Analyst (Entry Level) - US/Canada","Data Analyst","Anywhere","New York, United States","Full-time","",1,"65000.0","Patterned Learning AI"
"Data Analyst","Data Analyst","Anywhere","New York, United States","Full-time",1,"","65000.0","Bright Power"
"SQL Data Analyst","Data Analyst","Anywhere","Texas, United States","Full-time","","","65000.0","Citron IT, Inc."
"Data Analyst (Entry Level) - US/Canada","Data Analyst","Anywhere","Florida, United States","Full-time","",1,"65000.0","Patterned Learning AI"
"Data Analyst","Data Analyst","Anywhere","Texas, United States","Full-time",1,1,"65000.0","Insight Global"
"Data BI Analyst (Entry Level) - US/Canada","Data Analyst","Anywhere","Florida, United States","Full-time","",1,"65000.0","Patterned Learning AI"
"Data BI Analyst (Entry Level)","Data Analyst","Anywhere","New York, United States","Full-time","",1,"65000.0","Patterned Learning AI"
"Data BI Analyst (Entry Level) - US/Canada","Data Analyst","Anywhere","New York, United States","Full-time","",1,"65000.0","Patterned Learning AI"
"Junior Data Analyst","Data Analyst","Anywhere","Florida, United States","Full-time","",1,"65000.0","Get It Recruit - Information Technology"
"Data Analyst","Data Analyst","Anywhere","Texas, United States","Contractor","","","65000.0","24 Seven Talent"
"Data Analyst - Educational Non-profit","Data Analyst","Anywhere","Georgia","Full-time","","","65000.0","Express Employment Professionals"
"Data Analyst","Data Analyst","Anywhere","New York, United States","Full-time",1,"","65000.0","Mothership Strategies, LLC"
"Data Analyst - (100% Remote)","Data Analyst","Anywhere","California, United States","Full-time",1,"","63991.0","Monterey Park Auto Body Inc"
"Data Analyst","Data Analyst","Anywhere","New York, United States","Full-time","",1,"63594.0","Get It Recruit - Healthcare"
"Data Analyst - Bargersville, IN","Data Analyst","Anywhere","Illinois, United States","Full-time","",1,"63000.0","VetJobs & Military Spouse Jobs"
"Internal Audit Data Analyst","Data Analyst","Anywhere","Illinois, United States","Full-time","","","62500.0","Aegon"
"Business Data Analyst","Data Analyst","Anywhere","Texas, United States","Full-time","",1,"62500.0","Kaye/Bassman International"
"Supply Chain Data Integrity Analyst","Data Analyst","Anywhere","Florida, United States","Full-time","",1,"62500.0","Get It Recruit - Transportation"
"Operations Reporting and Data Analyst - Boston, MA","Data Analyst","Anywhere","New York, United States","Full-time","",1,"62500.0","Crescentia GTS"
"HR Report Writer and Data Analyst- REMOTE","Data Analyst","Anywhere","Puerto Rico","Full-time","","","62500.0","Ryder System"
"Technology and Data Analyst","Data Analyst","Anywhere","New York, United States","Full-time",1,1,"62500.0","McAllister & Quinn, LLC"
"Employee Assistance Program (EAP) Data Analyst","Data Analyst","Anywhere","Illinois, United States","Full-time",1,1,"62500.0","CuraLinc Healthcare"
"Data Analyst","Data Analyst","Anywhere","Texas, United States","Full-time","",1,"62500.0","Kaye/Bassman International"
"Data Analyst","Data Analyst","Anywhere","Florida, United States","Full-time",1,1,"62500.0","OZ"
"Data Processing and Reporting Analyst","Data Analyst","Anywhere","Georgia","Full-time","",1,"62000.0","Get It Recruit - Information Technology"
"Business Intelligence Engineer","Data Analyst","Anywhere","Ukraine","Contractor","","","62000.0","Neurons Lab"
"Freelance Online Data Analyst","Data Analyst","Anywhere","Illinois, United States","Full-time and Contractor","",1,"60500.0","Get It Recruit - Information Technology"
"Freelance Online Data Analyst","Data Analyst","Anywhere","Illinois, United States","Full-time and Contractor",1,1,"60500.0","Get It Recruit - Information Technology"
"Data Analyst","Data Analyst","Anywhere","Texas, United States","Full-time","",1,"60000.0","El Buen Samaritano"
"Junior Data Analyst","Data Analyst","Anywhere","Kenya","Full-time","","","60000.0","TalentKompass Deutschland"
"Entry Level Data Analyst","Data Analyst","Anywhere","Georgia","Full-time","","","60000.0","Jumpvine"
"HR Data Analyst","Data Analyst","Anywhere","New York, United States","Full-time","",1,"60000.0","SHI International Corp."
"Data Analyst","Data Analyst","Anywhere","New York, United States","Full-time","",1,"60000.0","Get It Recruit - Information Technology"
"Data Analyst - Payroll Operations","Data Analyst","Anywhere","New York, United States","Full-time","",1,"60000.0","Get It Recruit - Information Technology"
"Full-time / Financial Data Analyst (Remote)","Data Analyst","Anywhere","Canada","Full-time","","","60000.0","eStaffing Inc."
"Remote Data Analyst","Data Analyst","Anywhere","Sudan","Full-time","",1,"60000.0","Kaye/Bassman International, Corp."
"Data Science Analyst I","Data Analyst","Anywhere","California, United States","Full-time","",1,"60000.0","Aflac, Incorporated"
"Social Media Data Analyst","Data Analyst","Anywhere","New York, United States","Full-time","",1,"60000.0","Get It Recruit - Marketing"
"Junior Data Analyst","Data Analyst","Anywhere","Florida, United States","Full-time","",1,"60000.0","Get It Recruit - Finance"
"Admissions & Recruitment Business Data Analyst (Hybrid-80% remote)","Data Analyst","Anywhere","Texas, United States","Full-time","","","60000.0","University of North Texas Health Science Center"
"Atmospheric Scientist/Data Analyst","Data Analyst","Anywhere","Georgia","Full-time","","","60000.0","BLUE STORM ASSOCIATES INC"
"Data Analyst - Call Center","Data Analyst","Anywhere","Florida, United States","Full-time","",1,"59500.0","Suncoast Credit Union"
"HR Data Analyst- REMOTE","Data Analyst","Anywhere","Guam","Full-time","","","59000.0","Ryder System"
"HR Data Analyst- REMOTE","Data Analyst","Anywhere","Florida, United States","Full-time","",1,"59000.0","Ryder System"
"Remote Data Analyst Consultant","Data Analyst","Anywhere","Texas, United States","Full-time","","","58000.0","Insight Global"
"Logistics Data Analyst (Remote Friendly)","Data Analyst","Anywhere","New York, United States","Full-time","",1,"58000.0","Webstaurant Store"
"Data Management Analyst- Remote","Data Analyst","Anywhere","Georgia","Full-time","",1,"57500.0","Stafford Consulting Company, Inc."
"Remote Data Analyst II","Data Analyst","Anywhere","New York, United States","Full-time","",1,"57500.0","The Difference Card"
"Remote Data Analyst II","Data Analyst","Anywhere","New York, United States","Full-time","",1,"57500.0","Get It Recruit - Information Technology"
"Data Analyst I","Data Analyst","Anywhere","Texas, United States","Full-time","",1,"57500.0","FiberFirst"
"Healthcare Data SAS Analyst I","Data Analyst","Anywhere","Georgia","Full-time","","","57300.0","Ascendo Resources"
"Environmental Data Analyst","Data Analyst","Anywhere","Illinois, United States","Full-time","",1,"55000.0","JARBO Employment Group"
"CCBHC Data Analyst (Grant Funded Position)","Data Analyst","Anywhere","Georgia","Full-time","",1,"55000.0","State of Georgia"
"Data Analyst - US Healthcare (REMOTE)","Data Analyst","Anywhere","Illinois, United States","Full-time","",1,"54540.0","WALGREENS"
"Statistical Data Analyst (Buyer Engagement Strategist)","Data Analyst","Anywhere","Florida, United States","Full-time","","","53000.0","University of South Florida"
"Data Analyst (Remote)","Data Analyst","Anywhere","Georgia","Full-time","","","52500.0","Acosta, Inc."
"E-Commerce Digital Analyst","Data Analyst","Anywhere","Estonia","Full-time",1,"","52500.0","Fitsoftware OU"
"Junior Data Analyst","Data Analyst","Anywhere","California, United States","Full-time","","","52500.0","Phoenix Capital Group Holdings LLC"
"Data Analyst","Data Analyst","Anywhere","Texas, United States","Full-time","",1,"52500.0","Kaye/Bassman International"
"Data Quality Analyst","Data Analyst","Anywhere","New York, United States","Full-time","",1,"52500.0","Get It Recruit - Information Technology"
"Data Analyst","Data Analyst","Anywhere","New York, United States","Full-time","","","52000.0","Spark451 Inc."
"Data Quality Analyst","Data Analyst","Anywhere","Florida, United States","Full-time","",1,"51000.0","Get It Recruit - Information Technology"
"Data Analysis & Reporting Specialist","Data Analyst","Anywhere","Georgia","Full-time","",1,"50500.0","Get It Recruit - Information Technology"
"Data Analyst","Data Analyst","Anywhere","New York, United States","Full-time","",1,"50000.0","Get It Recruit - Transportation"
"Data Analyst I - Healthcare Analytics","Data Analyst","Anywhere","Florida, United States","Full-time","",1,"50000.0","Get It Recruit - Information Technology"
"Data Analyst","Data Analyst","Anywhere","California, United States","Full-time and Contractor",1,"","50000.0","Makana Technologies"
"Data Entry Analyst","Data Analyst","Anywhere","Texas, United States","Full-time","",1,"50000.0","Get It Recruit - Administrative"
"Data Analysis & Reporting Specialist","Data Analyst","Anywhere","Georgia","Full-time","",1,"50000.0","Get It Recruit - Information Technology"
"Clinical Data Analyst (Entry to Mid Level)","Data Analyst","Anywhere","New York, United States","Full-time","","","48500.0","Allied Technologies & Consulting"
"Financial Data Analyst","Data Analyst","Anywhere","Georgia","Full-time",1,1,"47500.0","Ali Awad Law, P.C."
"Data Analyst","Data Analyst","Anywhere","Texas, United States","Full-time",1,"","47500.0","Insight Global"
"Data Analyst / Engineer","Data Analyst","Anywhere","Australia","Contractor","",1,"47500.0","Men's Health Clinic (MHC)"
"Data Analyst","Data Analyst","Anywhere","New York, United States","Full-time","",1,"46500.0","Get It Recruit - Administrative"
"Data Analyst-Operations","Data Analyst","Anywhere","New York, United States","Full-time","","","42500.0","U.S. Wire and Cable Company/ Flexon Industries"
"Ecommerce Business Analyst/Data Analyst with Good exp with SQL","Data Analyst","Anywhere","California, United States","Contractor",1,"","41000.0","BayOne Solutions"
"Data Quality Analyst (Fraud Prevention)","Data Analyst","Anywhere","Georgia","Full-time",1,1,"40000.0","owl.co"
"Remote Data Analyst","Data Analyst","Anywhere","Texas, United States","Full-time","",1,"39000.0","Get It Recruit - Administrative"
"Financial Data Analyst","Data Analyst","Anywhere","Georgia","Full-time","",1,"36000.0","Get It Recruit - Information Technology"
"Data Analyst","Data Analyst","Anywhere","Malta","Contractor","","","35000.0","Jobmatchingpartner Ltd"
"Research Scientist","Data Analyst","Anywhere","California, United States","Full-time","",1,"25000.0","ED-Energy Storage & Distributed R"
